{
  "type": "service_account",
  "project_id": "grpc-up-and-running-demo",
  "private_key_id": "452678b739e1735047a99cba662f571791e47e8f",
  "private_key": "-----BEGIN PRIVATE KEY-----\n******\n-----END PRIVATE KEY-----\n",
  "client_email": "grpc-metrics@grpc-up-and-running-demo.iam.gserviceaccount.com",
  "client_id": "103046063785543412882",
  "auth_uri": "https://accounts.google.com/o/oauth2/auth",
  "token_uri": "https://oauth2.googleapis.com/token",
  "auth_provider_x509_cert_url": "https://www.googleapis.com/oauth2/v1/certs",
  "client_x509_cert_url": "https://www.googleapis.com/robot/v1/metadata/x509/grpc-metrics%40grpc-up-and-running-demo.iam.gserviceaccount.com"
}
